TABLE_NAME	COLUMN_NAME	ORDINAL_POSITION	DATA_TYPE	CHARACTER_MAXIMUM_LENGTH	NUMERIC_PRECISION	NUMERIC_SCALE	IS_NULLABLE	COLUMN_DEFAULT
app_config	setting_key	1	varchar	100	NULL	NULL	NO	NULL
app_config	setting_value	2	varchar	-1	NULL	NULL	NO	NULL
app_config	updated_at	3	datetime	NULL	NULL	NULL	NO	(getdate())
bom	id	1	int	NULL	10	0	NO	NULL
bom	parent_part_id	2	int	NULL	10	0	NO	NULL
bom	component_part_id	3	int	NULL	10	0	NO	NULL
bom	line_number	4	int	NULL	10	0	NO	((0))
bom	qty	5	decimal	NULL	15	5	NO	((1))
build	id	1	int	NULL	10	0	NO	NULL
build	part_id	2	int	NULL	10	0	NO	NULL
build	output_lot_id	3	int	NULL	10	0	YES	NULL
build	qty	4	decimal	NULL	15	5	NO	((1))
build	build_date	5	date	NULL	NULL	NULL	NO	(getdate())
build	username	6	varchar	128	NULL	NULL	NO	('')
build	note	7	varchar	-1	NULL	NULL	YES	NULL
build	created_at	8	datetime	NULL	NULL	NULL	NO	(getdate())
company	id	1	int	NULL	10	0	NO	NULL
company	name	2	varchar	127	NULL	NULL	NO	NULL
company	SUNotes	3	varchar	4000	NULL	NULL	YES	NULL
company	date_modified	4	datetime	NULL	NULL	NULL	YES	(getdate())
company	is_active	5	bit	NULL	NULL	NULL	YES	((1))
company	SUNumOfLNKs	6	int	NULL	10	0	YES	((0))
company	SUNumOfPOs	7	int	NULL	10	0	YES	((0))
company	SUSupplierCode	8	varchar	12	NULL	NULL	YES	NULL
company	default_contact	9	int	NULL	10	0	YES	NULL
company	primary_attachment_id	10	int	NULL	10	0	YES	NULL
company	is_supplier	11	bit	NULL	NULL	NULL	NO	((1))
company	is_manufacturer	12	bit	NULL	NULL	NULL	NO	((0))
company	bulk_order_delimiter	13	varchar	10	NULL	NULL	NO	('comma')
company	bulk_order_pn_source	14	varchar	10	NULL	NULL	NO	('internal')
company_attachment	supplier_attachment_id	1	int	NULL	10	0	NO	NULL
company_attachment	supplier_id	2	int	NULL	10	0	NO	NULL
company_attachment	file_path	3	nvarchar	1024	NULL	NULL	NO	NULL
company_attachment	notes	4	nvarchar	512	NULL	NULL	YES	NULL
company_attachment	sort_order	5	int	NULL	10	0	YES	NULL
company_attachment	is_active	6	bit	NULL	NULL	NULL	NO	((1))
company_attachment	hash	7	char	64	NULL	NULL	YES	NULL
contact	id	1	int	NULL	10	0	NO	NULL
contact	display_name	2	varchar	127	NULL	NULL	NO	NULL
contact	address	3	varchar	255	NULL	NULL	YES	NULL
contact	city	4	varchar	64	NULL	NULL	YES	NULL
contact	zipcode	5	varchar	10	NULL	NULL	YES	NULL
contact	state	6	varchar	64	NULL	NULL	YES	NULL
contact	country	7	varchar	127	NULL	NULL	YES	NULL
contact	phone_1	8	varchar	32	NULL	NULL	YES	NULL
contact	phone_2	9	varchar	32	NULL	NULL	YES	NULL
contact	fax	10	varchar	32	NULL	NULL	YES	NULL
contact	website	11	varchar	500	NULL	NULL	YES	NULL
contact	email	12	varchar	127	NULL	NULL	YES	NULL
contact	is_active	13	bit	NULL	NULL	NULL	YES	NULL
contact	company_id	14	int	NULL	10	0	YES	NULL
contact	updated_at	15	datetime	NULL	NULL	NULL	YES	(getdate())
contact	notes	16	varchar	4000	NULL	NULL	YES	NULL
form	id	1	int	NULL	10	0	NO	NULL
form	part_number_id	2	int	NULL	10	0	NO	NULL
form	test_order	3	varchar	-1	NULL	NULL	YES	NULL
form	is_locked	4	bit	NULL	NULL	NULL	NO	((0))
form	is_active	5	bit	NULL	NULL	NULL	NO	((1))
form	record_types	6	varchar	500	NULL	NULL	YES	NULL
form	instrument_types	7	varchar	500	NULL	NULL	YES	NULL
form	revision	8	int	NULL	10	0	NO	((0))
form	form_type	9	varchar	20	NULL	NULL	NO	('test')
form_events	id	1	int	NULL	10	0	NO	NULL
form_events	form_id	2	int	NULL	10	0	NO	NULL
form_events	event_type	3	varchar	50	NULL	NULL	NO	NULL
form_events	username	4	varchar	255	NULL	NULL	YES	NULL
form_events	event_date	5	datetime	NULL	NULL	NULL	NO	(getdate())
form_events	comments	6	varchar	-1	NULL	NULL	YES	NULL
form_record	id	1	int	NULL	10	0	NO	NULL
form_record	form_id	2	int	NULL	10	0	NO	NULL
form_record	serial_number	3	varchar	64	NULL	NULL	YES	NULL
form_record	record_type	4	varchar	-1	NULL	NULL	YES	NULL
form_record	part_id	5	int	NULL	10	0	YES	NULL
form_record	subject_part_number	6	varchar	64	NULL	NULL	YES	NULL
form_record	subject_pn_description	7	varchar	64	NULL	NULL	YES	NULL
form_record	test_order	8	varchar	-1	NULL	NULL	YES	NULL
form_record	is_locked	9	bit	NULL	NULL	NULL	NO	((0))
form_record	is_active	10	bit	NULL	NULL	NULL	NO	((1))
form_record	updated_at	11	datetime	NULL	NULL	NULL	YES	NULL
form_record	created_at	12	datetime	NULL	NULL	NULL	YES	NULL
form_record	record_date	13	datetime	NULL	NULL	NULL	YES	NULL
form_record	instrument_type	14	varchar	100	NULL	NULL	YES	NULL
form_record	is_approved	15	bit	NULL	NULL	NULL	NO	((0))
form_record	form_revision	16	int	NULL	10	0	YES	NULL
form_record	lot_id	17	int	NULL	10	0	YES	NULL
form_record	build_id	18	int	NULL	10	0	YES	NULL
form_record	unit_id	19	int	NULL	10	0	YES	NULL
form_record	notes	20	varchar	-1	NULL	NULL	YES	NULL
form_row	id	1	int	NULL	10	0	NO	NULL
form_row	archive_id	2	int	NULL	10	0	YES	NULL
form_row	parameter	3	varchar	255	NULL	NULL	YES	NULL
form_row	specification	4	varchar	255	NULL	NULL	YES	NULL
form_row	spec_units	5	varchar	255	NULL	NULL	YES	NULL
form_row	spec_min	6	varchar	255	NULL	NULL	YES	NULL
form_row	spec_max	7	varchar	255	NULL	NULL	YES	NULL
form_row	spec_nom	8	varchar	255	NULL	NULL	YES	NULL
form_row	category	9	varchar	255	NULL	NULL	YES	NULL
form_row	instrument_types	10	varchar	255	NULL	NULL	YES	NULL
form_row	type	11	int	NULL	10	0	YES	NULL
form_row	format	12	varchar	255	NULL	NULL	YES	NULL
form_row	hide_formula	13	varchar	255	NULL	NULL	YES	NULL
form_row	comment	14	varchar	500	NULL	NULL	YES	NULL
form_row	default_result	15	varchar	255	NULL	NULL	YES	NULL
form_row	sheet_name	16	varchar	255	NULL	NULL	YES	NULL
form_row	revision	17	int	NULL	10	0	YES	NULL
form_row	form_id	18	int	NULL	10	0	NO	NULL
form_row	updated_at	19	datetime	NULL	NULL	NULL	YES	NULL
form_row	created_at	20	datetime	NULL	NULL	NULL	YES	NULL
form_row	pf_type	21	varchar	50	NULL	NULL	YES	NULL
form_row	archived	22	bit	NULL	NULL	NULL	NO	((0))
form_row	granularity	23	varchar	10	NULL	NULL	NO	('unit')
form_row_history	id	1	int	NULL	10	0	NO	NULL
form_row_history	form_row_id	2	int	NULL	10	0	NO	NULL
form_row_history	changed_at	3	datetime	NULL	NULL	NULL	NO	(getdate())
form_row_history	changed_by	4	varchar	128	NULL	NULL	NO	(suser_sname())
form_row_history	type	5	int	NULL	10	0	YES	NULL
form_row_history	parameter	6	varchar	255	NULL	NULL	YES	NULL
form_row_history	specification	7	varchar	255	NULL	NULL	YES	NULL
form_row_history	spec_units	8	varchar	255	NULL	NULL	YES	NULL
form_row_history	spec_min	9	varchar	255	NULL	NULL	YES	NULL
form_row_history	spec_max	10	varchar	255	NULL	NULL	YES	NULL
form_row_history	spec_nom	11	varchar	255	NULL	NULL	YES	NULL
form_row_history	default_result	12	varchar	255	NULL	NULL	YES	NULL
form_row_history	hide_formula	13	varchar	255	NULL	NULL	YES	NULL
form_row_history	pf_type	14	varchar	50	NULL	NULL	YES	NULL
form_row_history	instrument_types	15	varchar	255	NULL	NULL	YES	NULL
form_row_history	comment	16	varchar	500	NULL	NULL	YES	NULL
form_row_history	category	17	varchar	255	NULL	NULL	YES	NULL
form_row_history	sheet_name	18	varchar	255	NULL	NULL	YES	NULL
form_row_history	format	19	varchar	255	NULL	NULL	YES	NULL
genealogy	id	1	int	NULL	10	0	NO	NULL
genealogy	parent_lot_id	2	int	NULL	10	0	YES	NULL
genealogy	child_lot_id	3	int	NULL	10	0	YES	NULL
genealogy	qty_consumed	4	decimal	NULL	15	5	NO	((0))
genealogy	parent_unit_id	5	int	NULL	10	0	YES	NULL
genealogy	child_unit_id	6	int	NULL	10	0	YES	NULL
inventory_transaction	id	1	int	NULL	10	0	NO	NULL
inventory_transaction	part_id	2	int	NULL	10	0	NO	NULL
inventory_transaction	txn_type	3	varchar	20	NULL	NULL	NO	NULL
inventory_transaction	qty	4	decimal	NULL	16	8	NO	NULL
inventory_transaction	txn_date	5	date	NULL	NULL	NULL	NO	(getdate())
inventory_transaction	username	6	varchar	128	NULL	NULL	NO	('')
inventory_transaction	reference	7	varchar	255	NULL	NULL	YES	NULL
inventory_transaction	note	8	varchar	-1	NULL	NULL	YES	NULL
inventory_transaction	po_line_id	9	int	NULL	10	0	YES	NULL
inventory_transaction	lot_id	10	int	NULL	10	0	YES	NULL
inventory_transaction	build_id	11	int	NULL	10	0	YES	NULL
inventory_transaction	created_at	12	datetime	NULL	NULL	NULL	NO	(getdate())
logs	id	1	int	NULL	10	0	NO	NULL
logs	username	2	varchar	127	NULL	NULL	YES	NULL
logs	date_logged	3	datetime	NULL	NULL	NULL	YES	(getdate())
logs	sql_string	4	varchar	-1	NULL	NULL	YES	NULL
lot	id	1	int	NULL	10	0	NO	NULL
lot	part_id	2	int	NULL	10	0	NO	NULL
lot	lot_number	3	varchar	255	NULL	NULL	NO	('')
lot	vendor_lot_number	4	varchar	255	NULL	NULL	YES	NULL
lot	po_line_id	5	int	NULL	10	0	YES	NULL
lot	created_at	6	datetime	NULL	NULL	NULL	NO	(getdate())
lot	is_active	7	bit	NULL	NULL	NULL	NO	((1))
lot	lot_description	8	varchar	255	NULL	NULL	NO	('')
lot	source	9	varchar	10	NULL	NULL	YES	NULL
lot	notes	10	varchar	-1	NULL	NULL	YES	NULL
mfg_part	id	1	int	NULL	10	0	NO	NULL
mfg_part	part_id	2	int	NULL	10	0	NO	NULL
mfg_part	mfg_id	3	int	NULL	10	0	NO	NULL
mfg_part	mfg_part_number	4	varchar	100	NULL	NULL	NO	NULL
mfg_part	description	5	varchar	250	NULL	NULL	YES	NULL
mfg_part	is_active	6	bit	NULL	NULL	NULL	NO	((1))
named_queries	id	1	int	NULL	10	0	NO	NULL
named_queries	name	2	varchar	100	NULL	NULL	NO	NULL
named_queries	description	3	varchar	500	NULL	NULL	YES	NULL
named_queries	sql	4	varchar	-1	NULL	NULL	NO	NULL
named_queries	params	5	varchar	255	NULL	NULL	YES	NULL
named_queries	result_type	6	varchar	10	NULL	NULL	NO	('list')
named_queries	is_active	7	bit	NULL	NULL	NULL	NO	((1))
named_queries	created_at	8	datetime	NULL	NULL	NULL	YES	NULL
named_queries	updated_at	9	datetime	NULL	NULL	NULL	YES	NULL
part	id	1	int	NULL	10	0	NO	NULL
part	part_number	2	varchar	255	NULL	NULL	YES	NULL
part	category	3	varchar	10	NULL	NULL	YES	('BUY')
part	revision	4	varchar	10	NULL	NULL	YES	('')
part	description	5	varchar	255	NULL	NULL	YES	('')
part	detail	6	varchar	255	NULL	NULL	YES	('')
part	release_status	7	varchar	255	NULL	NULL	NO	('U')
part	requested_by	8	varchar	50	NULL	NULL	YES	('')
part	notes	9	varchar	-1	NULL	NULL	YES	('')
part	user_field_1	10	varchar	255	NULL	NULL	YES	('')
part	user_field_2	11	varchar	255	NULL	NULL	YES	('')
part	user_field_3	12	varchar	255	NULL	NULL	YES	('')
part	user_field_4	13	varchar	255	NULL	NULL	YES	('')
part	user_field_5	14	varchar	255	NULL	NULL	YES	('')
part	user_field_6	15	varchar	255	NULL	NULL	YES	('')
part	user_field_7	16	varchar	255	NULL	NULL	YES	('')
part	user_field_8	17	varchar	255	NULL	NULL	YES	('')
part	user_field_9	18	varchar	255	NULL	NULL	YES	('')
part	user_field_10	19	varchar	255	NULL	NULL	YES	('')
part	created_date	20	date	NULL	NULL	NULL	YES	(getdate())
part	last_rollup_cost	21	decimal	NULL	16	8	YES	NULL
part	attachment_count	22	int	NULL	10	0	YES	('0')
part	primary_attachment_id	23	int	NULL	10	0	YES	NULL
part	current_cost	24	decimal	NULL	16	8	YES	('0')
part	is_active	25	bit	NULL	NULL	NULL	YES	('1')
part	po_line_count	26	int	NULL	10	0	YES	('0')
part	modified_date	27	date	NULL	NULL	NULL	YES	(getdate())
part	price_id	28	int	NULL	10	0	YES	NULL
part	last_rollup_at	29	datetime	NULL	NULL	NULL	YES	NULL
part	uom_id	30	int	NULL	10	0	YES	NULL
part	stock_on_hand	31	decimal	NULL	16	8	NO	((0))
part	default_supplier_id	32	int	NULL	10	0	YES	NULL
part	reorder_min	33	decimal	NULL	16	8	YES	NULL
part	is_lot_tracked	34	bit	NULL	NULL	NULL	NO	((0))
part	tracking_mode	35	varchar	10	NULL	NULL	NO	('none')
part_attachment	id	1	int	NULL	10	0	NO	NULL
part_attachment	part_id	2	int	NULL	10	0	NO	NULL
part_attachment	file_name	3	varchar	1000	NULL	NULL	YES	NULL
part_attachment	category	4	varchar	500	NULL	NULL	YES	NULL
part_attachment	part_revision	5	varchar	10	NULL	NULL	YES	NULL
part_attachment	sort_order	6	int	NULL	10	0	YES	((1))
part_attachment	is_active	7	bit	NULL	NULL	NULL	NO	((1))
part_attachment	comment	8	varchar	500	NULL	NULL	YES	NULL
part_attachment	supplier_part_id	9	int	NULL	10	0	YES	NULL
part_attachment	mfg_part_id	10	int	NULL	10	0	YES	NULL
part_attachment	hash	11	char	64	NULL	NULL	YES	NULL
po_line	id	1	int	NULL	10	0	NO	NULL
po_line	po_id	2	int	NULL	10	0	NO	NULL
po_line	part_number_snapshot	3	varchar	255	NULL	NULL	YES	NULL
po_line	part_id	4	int	NULL	10	0	YES	NULL
po_line	line_number	5	int	NULL	10	0	NO	NULL
po_line	description	6	varchar	-1	NULL	NULL	YES	NULL
po_line	qty	7	decimal	NULL	11	2	NO	NULL
po_line	unit_cost	8	decimal	NULL	16	8	NO	((0))
po_line	vendor_part_number	9	varchar	55	NULL	NULL	YES	NULL
po_line	revision_snapshot	10	varchar	10	NULL	NULL	YES	NULL
po_line	lead_time_days	11	int	NULL	10	0	YES	NULL
po_line	received_qty	12	decimal	NULL	11	2	NO	((0))
po_line	date_received	13	date	NULL	NULL	NULL	YES	NULL
price	id	1	int	NULL	10	0	NO	NULL
price	part_id	2	int	NULL	10	0	NO	NULL
price	supplier_id	3	int	NULL	10	0	NO	NULL
price	price_ea	4	decimal	NULL	13	6	YES	('0')
price	price_pack	5	decimal	NULL	13	6	YES	('0')
price	pack_size	6	decimal	NULL	13	6	YES	((1))
price	is_active	7	bit	NULL	NULL	NULL	YES	('1')
price	effective_date	8	date	NULL	NULL	NULL	NO	(getdate())
purchase_order	id	1	int	NULL	10	0	NO	NULL
purchase_order	number	2	varchar	32	NULL	NULL	NO	NULL
purchase_order	supplier_name	3	varchar	127	NULL	NULL	YES	NULL
purchase_order	supplier_id	4	int	NULL	10	0	NO	NULL
purchase_order	supplier_contact	5	varchar	127	NULL	NULL	YES	NULL
purchase_order	supplier_address	6	varchar	255	NULL	NULL	YES	NULL
purchase_order	supplier_city	7	varchar	64	NULL	NULL	YES	NULL
purchase_order	supplier_zipcode	8	varchar	10	NULL	NULL	YES	NULL
purchase_order	supplier_state	9	varchar	64	NULL	NULL	YES	NULL
purchase_order	supplier_country	10	varchar	127	NULL	NULL	YES	NULL
purchase_order	supplier_phone_number	11	varchar	32	NULL	NULL	YES	NULL
purchase_order	supplier_fax_number	12	varchar	32	NULL	NULL	YES	NULL
purchase_order	supplier_email	13	varchar	127	NULL	NULL	YES	NULL
purchase_order	receiver_name	14	varchar	255	NULL	NULL	YES	NULL
purchase_order	total_cost	15	decimal	NULL	16	8	YES	NULL
purchase_order	tax1	16	decimal	NULL	10	5	YES	NULL
purchase_order	shipping_cost	17	decimal	NULL	10	5	YES	NULL
purchase_order	misc_cost	18	decimal	NULL	10	5	YES	NULL
purchase_order	receiver_contact	19	varchar	127	NULL	NULL	YES	NULL
purchase_order	date_ordered	20	date	NULL	NULL	NULL	YES	NULL
purchase_order	date_requested	21	date	NULL	NULL	NULL	YES	NULL
purchase_order	date_closed	22	date	NULL	NULL	NULL	YES	NULL
purchase_order	account_id	23	varchar	127	NULL	NULL	YES	NULL
purchase_order	notes	24	varchar	-1	NULL	NULL	YES	NULL
purchase_order	date_printed	25	date	NULL	NULL	NULL	YES	NULL
purchase_order	orderer	26	varchar	255	NULL	NULL	YES	NULL
purchase_order	receiver_id	27	int	NULL	10	0	YES	NULL
purchase_order	receiver_address	28	varchar	255	NULL	NULL	YES	NULL
purchase_order	receiver_city	29	varchar	64	NULL	NULL	YES	NULL
purchase_order	receiver_zipcode	30	varchar	10	NULL	NULL	YES	NULL
purchase_order	receiver_state	31	varchar	64	NULL	NULL	YES	NULL
purchase_order	receiver_country	32	varchar	127	NULL	NULL	YES	NULL
purchase_order	receiver_phone	33	varchar	32	NULL	NULL	YES	NULL
purchase_order	receiver_fax	34	varchar	32	NULL	NULL	YES	NULL
purchase_order	receiver_email	35	varchar	127	NULL	NULL	YES	NULL
purchase_order	is_active	36	bit	NULL	NULL	NULL	YES	((1))
purchase_order	date_modified	37	datetime	NULL	NULL	NULL	YES	(getdate())
purchase_order	internal_notes	38	varchar	-1	NULL	NULL	YES	('')
purchase_order	status	39	varchar	20	NULL	NULL	NO	('draft')
purchase_order	approval_status	40	varchar	20	NULL	NULL	YES	('not_submitted')
purchase_order	rfq_group_id	41	int	NULL	10	0	YES	NULL
purchase_order	supplier_contact_id	42	int	NULL	10	0	YES	NULL
purchase_order	receiver_contact_id	43	int	NULL	10	0	YES	NULL
purchase_order_history	id	1	int	NULL	10	0	NO	NULL
purchase_order_history	po_id	2	int	NULL	10	0	NO	NULL
purchase_order_history	event_type	3	varchar	20	NULL	NULL	NO	NULL
purchase_order_history	from_status	4	varchar	20	NULL	NULL	YES	NULL
purchase_order_history	to_status	5	varchar	20	NULL	NULL	YES	NULL
purchase_order_history	action	6	varchar	20	NULL	NULL	YES	NULL
purchase_order_history	note	7	varchar	-1	NULL	NULL	YES	NULL
purchase_order_history	changed_by	8	varchar	128	NULL	NULL	NO	('')
purchase_order_history	changed_at	9	datetime	NULL	NULL	NULL	NO	(getdate())
record_event_results	id	1	int	NULL	10	0	NO	NULL
record_event_results	event_id	2	int	NULL	10	0	NO	NULL
record_event_results	form_row_id	3	int	NULL	10	0	NO	NULL
record_event_results	parameter	4	varchar	255	NULL	NULL	YES	NULL
record_event_results	specification	5	varchar	255	NULL	NULL	YES	NULL
record_event_results	spec_units	6	varchar	255	NULL	NULL	YES	NULL
record_event_results	result	7	varchar	255	NULL	NULL	YES	NULL
record_event_results	pass_fail	8	bit	NULL	NULL	NULL	YES	NULL
record_event_results	comment	9	varchar	255	NULL	NULL	YES	NULL
record_events	id	1	int	NULL	10	0	NO	NULL
record_events	form_record_id	2	int	NULL	10	0	NO	NULL
record_events	event_type	3	varchar	50	NULL	NULL	NO	NULL
record_events	username	4	varchar	255	NULL	NULL	YES	NULL
record_events	event_date	5	datetime	NULL	NULL	NULL	NO	(getdate())
record_events	comments	6	varchar	-1	NULL	NULL	YES	NULL
release_notes	id	1	int	NULL	10	0	NO	NULL
release_notes	version	2	varchar	8	NULL	NULL	YES	('0.0.0')
release_notes	notes	3	varchar	-1	NULL	NULL	YES	(' ')
release_notes	date_changed	4	date	NULL	NULL	NULL	YES	(getdate())
release_notes	show_users	5	bit	NULL	NULL	NULL	YES	((0))
release_notes	username	6	varchar	64	NULL	NULL	YES	(' ')
result	id	1	int	NULL	10	0	NO	NULL
result	form_record_id	2	int	NULL	10	0	NO	NULL
result	form_row_id	3	int	NULL	10	0	NO	NULL
result	result	4	varchar	255	NULL	NULL	YES	NULL
result	comment	5	varchar	255	NULL	NULL	YES	NULL
result	pass_fail	6	bit	NULL	NULL	NULL	YES	NULL
result	parameter	7	varchar	255	NULL	NULL	YES	NULL
result	specification	8	varchar	255	NULL	NULL	YES	NULL
result	spec_min	9	varchar	255	NULL	NULL	YES	NULL
result	spec_nom	10	varchar	255	NULL	NULL	YES	NULL
result	spec_max	11	varchar	255	NULL	NULL	YES	NULL
result	spec_units	12	varchar	255	NULL	NULL	YES	NULL
result	updated_at	13	datetime	NULL	NULL	NULL	YES	NULL
result	pf_type	14	varchar	255	NULL	NULL	YES	NULL
result	format	15	varchar	255	NULL	NULL	YES	NULL
result	type	16	int	NULL	10	0	NO	((0))
result	hide_formula	17	varchar	255	NULL	NULL	YES	NULL
result	default_result	18	varchar	255	NULL	NULL	YES	NULL
schema_migrations	id	1	int	NULL	10	0	NO	NULL
schema_migrations	version_id	2	bigint	NULL	19	0	NO	NULL
schema_migrations	is_applied	3	bit	NULL	NULL	NULL	NO	NULL
schema_migrations	tstamp	4	datetime	NULL	NULL	NULL	YES	(getdate())
supplier_part	id	1	int	NULL	10	0	NO	NULL
supplier_part	supplier_id	2	int	NULL	10	0	NO	NULL
supplier_part	part_id	3	int	NULL	10	0	NO	NULL
supplier_part	lead_time	4	varchar	55	NULL	NULL	YES	NULL
supplier_part	preference	5	int	NULL	10	0	YES	((1))
supplier_part	supplier_pn	6	varchar	55	NULL	NULL	YES	NULL
supplier_part	supplier_desc	7	varchar	100	NULL	NULL	YES	NULL
supplier_part	min_increment	8	decimal	NULL	11	2	YES	NULL
supplier_part	setup_cost	9	decimal	NULL	11	2	YES	NULL
supplier_part	mfg_part_id	10	int	NULL	10	0	YES	NULL
supplier_part	uom_id	11	int	NULL	10	0	YES	NULL
unit	id	1	int	NULL	10	0	NO	NULL
unit	part_id	2	int	NULL	10	0	NO	NULL
unit	lot_id	3	int	NULL	10	0	YES	NULL
unit	build_id	4	int	NULL	10	0	YES	NULL
unit	serial_number	5	varchar	255	NULL	NULL	NO	NULL
unit	created_at	6	datetime	NULL	NULL	NULL	NO	(getdate())
unit	is_active	7	bit	NULL	NULL	NULL	NO	((1))
unit	source	8	varchar	10	NULL	NULL	NO	('test')
uom	uom_id	1	int	NULL	10	0	NO	NULL
uom	abbreviation	2	varchar	20	NULL	NULL	NO	NULL
uom	display_name	3	varchar	50	NULL	NULL	NO	NULL
uom	unit_type	4	varchar	20	NULL	NULL	NO	NULL
users	id	1	int	NULL	10	0	NO	NULL
users	username	2	varchar	64	NULL	NULL	NO	NULL
users	display_name	3	varchar	128	NULL	NULL	NO	NULL
users	password_hash	4	varchar	255	NULL	NULL	NO	NULL
users	is_active	5	bit	NULL	NULL	NULL	NO	((1))
users	created_at	6	datetime	NULL	NULL	NULL	NO	(getdate())
users	updated_at	7	datetime	NULL	NULL	NULL	NO	(getdate())
users	can_approve_po	8	bit	NULL	NULL	NULL	NO	((0))
users	can_approve_records	9	bit	NULL	NULL	NULL	NO	((0))
users	default_po_contact_id	10	int	NULL	10	0	YES	NULL
users	default_po_receiver_id	11	int	NULL	10	0	YES	NULL
users	accent_color	12	varchar	20	NULL	NULL	YES	NULL
users	default_route	13	varchar	255	NULL	NULL	YES	NULL
users	is_admin	14	bit	NULL	NULL	NULL	NO	((0))
users	timezone	15	varchar	64	NULL	NULL	NO	('America/Los_Angeles')