name	child	child_col	parent	parent_col
FK_part_number_uom	part	uom_id	uom	uom_id
FK_supplier_part_uom	supplier_part	uom_id	uom	uom_id
FK_part_price	part	price_id	price	id
FK_po_line_po	po_line	po_id	purchase_order	id
FK_purchase_order_history_po	purchase_order_history	po_id	purchase_order	id
FK_form_record_build	form_record	build_id	build	id
FK_inv_txn_build	inventory_transaction	build_id	build	id
FK_unit_build	unit	build_id	build	id
FK_build_part	build	part_id	part	id
FK_inv_txn_PN	inventory_transaction	part_id	part	id
FK_unit_part	unit	part_id	part	id
FK_form_record_part	form_record	part_id	part	id
FK_form_part	form	part_number_id	part	id
FK_bom_PN_parent	bom	parent_part_id	part	id
FK_bom_PN_component	bom	component_part_id	part	id
FK_po_line_part	po_line	part_id	part	id
FK_price_PN	price	part_id	part	id
FK_mfg_part_pn	mfg_part	part_id	part	id
FK_supplier_part_pn	supplier_part	part_id	part	id
FK_part_attachment_part_id	part_attachment	part_id	part	id
FK_lot_part	lot	part_id	part	id
FK_inv_txn_po_line	inventory_transaction	po_line_id	po_line	id
FK_lot_po_line	lot	po_line_id	po_line	id
FK_part_primary_attachment	part	primary_attachment_id	part_attachment	id
FK_gen_parent_unit	genealogy	parent_unit_id	unit	id
FK_gen_child_unit	genealogy	child_unit_id	unit	id
FK_form_record_unit	form_record	unit_id	unit	id
FK_company_default_contact	company	default_contact	contact	id
FK_purchase_order_supplier_contact	purchase_order	supplier_contact_id	contact	id
FK_purchase_order_receiver_contact	purchase_order	receiver_contact_id	contact	id
FK_company_primary_attachment	company	primary_attachment_id	company_attachment	supplier_attachment_id
FK_purchase_order_company	purchase_order	supplier_id	company	id
FK_purchase_order_receiver	purchase_order	receiver_id	company	id
FK_price_company	price	supplier_id	company	id
FK_contact_company	contact	company_id	company	id
FK_part_default_supplier	part	default_supplier_id	company	id
FK_mfg_part_mfg	mfg_part	mfg_id	company	id
FK_supplier_part_company	supplier_part	supplier_id	company	id
FK_form_row_form	form_row	form_id	form	id
FK_form_record_form	form_record	form_id	form	id
FK__form_even__form___72D0F942	form_events	form_id	form	id
FK_result_form_record	result	form_record_id	form_record	id
FK__record_ev__test___76A18A26	record_events	form_record_id	form_record	id
FK_part_attachment_mfg_part	part_attachment	mfg_part_id	mfg_part	id
FK_supplier_part_mfg_part	supplier_part	mfg_part_id	mfg_part	id
FK_result_form_row	result	form_row_id	form_row	id
FK_part_attachment_supplier_part	part_attachment	supplier_part_id	supplier_part	id
FK_record_event_results_event	record_event_results	event_id	record_events	id
FK_gen_parent_lot	genealogy	parent_lot_id	lot	id
FK_gen_child_lot	genealogy	child_lot_id	lot	id
FK_form_record_lot	form_record	lot_id	lot	id
FK_unit_lot	unit	lot_id	lot	id